image	size	qid	prompt_n	prompt_ms	predicted_n	predicted_ms	draft_n	draft_acc	wall_s
IMG_3334	1024	label	804	7677	5	396	0	0	8.2
IMG_3334	1024	desc	789	7224	79	5896	0	0	13.2
IMG_3334	1024	scene	799	7123	300	21951	0	0	29.2
IMG_3355	full	fr	4041	41896	85	6255	0	0	48.4
IMG_3355	2048	fr	3098	30200	85	6241	0	0	36.6
IMG_3355	1024	fr	794	7083	62	4469	0	0	11.6
IMG_3355	512	fr	218	2200	61	4510	0	0	6.8
IMG_3355	unrot	fr	794	7086	61	4403	0	0	11.6
IMG_3355	1024	desc	789	7087	72	5207	0	0	12.4
IMG_3364	1024	event	796	7089	300	21951	0	0	29.1
IMG_3364	1024	desc	789	7083	64	4635	0	0	11.8
IMG_3364	full	desc	4036	41880	103	7589	0	0	49.7
IMG_3414	1024	name	800	7081	4	222	0	0	7.4
IMG_3414	full	name	4047	41884	4	224	0	0	42.3
IMG_3414	1024	desc	789	7081	66	4762	0	0	11.9
IMG_3428	full	table	4044	41885	4	224	0	0	42.3
IMG_3428	2048	table	3101	30212	4	223	0	0	30.6
IMG_3428	1024	table	797	7084	4	222	0	0	7.4
IMG_3428	512	table	221	2200	4	222	0	0	2.5
IMG_3428	1024	meal	795	7090	300	21943	0	0	29.1
IMG_3428	1024	desc	789	7087	61	4404	0	0	11.6
IMG_3430	1024	business	795	7087	300	21924	0	0	29.1
IMG_3430	1024	desc	789	7081	74	5355	0	0	12.5
gdn	full	layers	3832	39089	7	449	0	0	39.7
gdn	1024	layers	704	6392	64	4727	0	0	11.2
gdn	full	psi	3836	39100	25	1791	0	0	41.0
gdn	2048	psi	2724	26015	25	1781	0	0	27.9
gdn	1024	psi	708	6217	32	2274	0	0	8.6
gdn	512	psi	196	1929	29	2056	0	0	4.1
gdn	full	compare	3832	39079	400	29643	0	0	68.9
gdn	1024	desc	693	6212	114	8288	0	0	14.6
rome	full	low14	1801	16639	3	151	0	0	16.9
rome	1024	low14	543	4743	3	149	0	0	5.0
rome	512	low14	159	1670	3	149	0	0	1.9
rome	full	storms	1798	16634	7	445	0	0	17.2
rome	full	pack	1809	16638	400	29408	0	0	46.1
rome	1024	desc	533	4743	66	4762	0	0	9.6
none	none	textonly	25	423	2	76	0	0	0.6
synth_sign	full	fr	4041	41872	82	6009	0	0	48.0
synth_sign	2048	fr	3098	30483	82	5979	0	0	36.6
synth_sign	1024	fr	794	7080	82	5951	0	0	13.1
synth_sign	512	fr	218	2200	82	5952	0	0	8.2
synth_sign	1024	gate	798	7081	13	897	0	0	8.1
IMG_3334	full	label	4051	42142	15	1044	0	0	43.4
IMG_2924	full	tonic	4049	42106	9	601	0	0	42.9
IMG_2924	1024	tonic	802	7112	19	1330	0	0	8.5
IMG_2924	512	tonic	226	2215	24	1700	0	0	4.0
IMG_2924	1024	wine	801	7111	8	520	0	0	7.7
IMG_2924	1024	sober	800	7117	300	22094	0	0	29.3
IMG_2924	1024	desc	789	7092	72	5242	0	0	12.4
